<?xml version="1.0" encoding="UTF-8"?>

<!DOCTYPE hibernate-configuration SYSTEM "http://www.hibernate.org/dtd/hibernate-configuration-3.0.dtd">

<hibernate-configuration>


<session-factory>

<property name="connection.driver_class">oracle.jdbc.driver.OracleDriver</property>

<property name="connection.url">jdbc:oracle:thin:@localhost:1521:xe</property>

<property name="connection.username">system</property>

<property name="connection.password">123456</property>

<property name="dialect">org.hibernate.dialect.Oracle10gDialect</property>

<property name="hbm2ddl.auto">update</property>

<property name="show_sql">true</property>

<mapping class="Emp.Employee"/>


</session-factory>

</hibernate-configuration>